N,gamma,delta,alpha,omega,R_0,beta,days,S0,E0,I0,R0,D0,wave
1000,0.1428571428571428,0.3333333333333333,0.02,125,4.0,0.5714285714285714,343,999,8.0,1,0,0,1
6000,0.0833333333333333,0.1666666666666666,0.005,125,4.0,0.3333333333333333,103,5999,8.0,576,17,0,2
100000,0.0588235294117647,0.2,0.0111111111111111,125,4.0,0.2352941176470588,255,99999,8.0,58,58,0,3
150000,0.05,0.125,0.0038461538461538464,125,4.0,0.2,261,149999,8.0,3398,5467,23,4
